student_id,name,gender,age,class,teacher_id,subject,test1_score,test2_score,final_exam_score
1,Carson Rivera,Female,14,9th,105,Math,23.5,40.5,50.5
2,Ashley Walters,Male,15,10th,107,Computer,77.7,80.6,82.3
3,Linda Robinson,Male,15,10th,103,English,75,73.4,64.5
4,Brandon James,Female,17,11th,117,Computer,46.7,53.1,51.2
5,Helen Grant,Female,16,10th,112,Science,38,57.3,47.6
6,Amy Marshall,Male,15,9th,111,Art,93,83.6,83.1
7,Michelle Watkins,Female,16,10th,109,Math,40.9,51.7,59.1
8,Sandra Mitchell,Female,15,10th,110,History,61.7,63.7,76.5
9,Sara Alvarez,Male,16,11th,105,Art,85.4,78.5,77.3
10,Matthew Robertson,Male,14,9th,109,History,44.8,55.3,60.8
11,Wyatt Collins,Male,16,11th,108,English,61.6,89.2,84.9
12,Walter Phillips,Female,15,10th,105,English,44.9,53,50.3
13,Elizabeth Gonzalez,Male,15,9th,110,History,56.8,61.4,55.2
14,William Vasquez,Male,17,12th,104,Computer,69.2,80.8,88.3
15,Anthony Porter,Male,15,9th,113,English,88.1,72.9,69.3
16,Gary Morgan,Female,17,12th,109,Art,49.4,69.5,57
17,Eric Ortiz,Male,17,11th,120,English,73,74.2,73.8
18,Madison Douglas,Male,15,10th,112,Science,49.6,39.8,51.7
19,Bella Moreno,Female,15,9th,109,English,32.8,37.7,37.2
20,Linda Gibson,Female,16,10th,106,Math,52.9,49.7,43.2
21,Amber Lamb,Female,17,11th,113,Math,37.9,51.4,49.7
22,Jeffrey Shaw,Female,17,12th,106,Science,52.2,57.7,43
23,Avery Green,Female,16,11th,113,Computer,52.9,61.5,62.9
24,Sara Murphy,Female,16,10th,119,Math,65.9,74,76.1
25,Christina Moreno,Female,16,10th,115,English,58.1,66.5,54.1
26,Gary Harper,Male,18,12th,116,Art,86.9,86.9,88.3
27,Megan Santiago,Male,15,10th,114,History,100,84.2,98.7
28,Zoe Austin,Male,14,9th,108,English,66.8,69.2,72.1
29,Emma Morris,Male,15,10th,101,Computer,73.1,76.4,80.2
30,Mary Banks,Female,17,12th,106,Math,69.9,74.8,85.8
31,Dorothy Simmons,Male,16,10th,107,English,56.7,51.6,55
32,Walter Long,Male,14,9th,119,Science,71.8,80.3,81.8
33,Dennis Hines,Male,15,9th,114,Computer,80.1,79.6,100
34,Emma Green,Male,14,9th,113,Science,68.2,74.2,92.6
35,Brian Cooper,Male,15,10th,105,History,74.1,71.4,66.9
36,Kathleen Watson,Male,17,11th,110,Science,59.3,72.1,77.8
37,Catherine Casey,Male,16,11th,106,History,52.4,55.8,55.4
38,Sandra Lewis,Female,14,9th,119,Art,70.8,64.8,68.3
39,Anthony Foster,Female,18,12th,101,English,65.5,77.8,91.2
40,Nathan Collins,Male,15,9th,107,Computer,52.5,59.3,66.5
41,Margaret Herrera,Female,14,9th,114,Science,60.5,63.1,51.2
42,Aaron Gutierrez,Male,17,11th,101,Science,61.2,79,68.2
43,Jerry Johnson,Male,16,11th,116,Math,61.4,54.2,74.5
44,Cole Garcia,Male,15,10th,108,Computer,48.1,36.2,44.8
45,Pamela Bennett,Female,16,11th,112,English,72.6,78.2,71.1
46,Richard Mendoza,Male,16,10th,113,English,57,50.9,49.8
47,Roger Austin,Male,17,12th,105,Math,67.7,68.4,64.7
48,Bryan Day,Female,17,12th,107,Math,46.9,45.2,51.5
49,Emily Ellis,Male,14,9th,116,Science,43.9,39.9,39.5
50,Olivia Tyler,Female,14,9th,119,Computer,77.2,79.1,80.5
51,Daniel Sullivan,Male,17,11th,102,Computer,79.4,68.3,61
52,Janice Morgan,Female,15,9th,106,History,76,70.3,80.4
53,Katherine Moreno,Female,18,12th,120,Computer,87.5,83.3,100
54,Lucy Lewis,Female,15,10th,105,Computer,67.6,76.4,52.7
55,Parker Parker,Male,16,11th,112,Art,70,80.7,77.5
56,Ruth Hernandez,Male,14,9th,105,Science,50.8,45,37.7
57,Mason Alexander,Male,15,9th,109,Computer,66.8,64.3,78.4
58,Jason Morrison,Female,14,9th,108,Computer,49.1,47.1,66.3
59,Karen Nichols,Female,15,9th,106,Computer,45.1,42,55.8
60,Susan Wilson,Male,16,10th,108,Computer,51.3,65.9,57.5
61,Cooper Long,Female,15,10th,103,Math,63.2,66.7,67.7
62,Nicholas Fox,Female,18,12th,112,History,89.7,100,97.9
63,Samuel Bell,Female,16,11th,105,English,62.5,78.7,100
64,Daniel Matthews,Female,16,11th,112,Science,59,67.8,75.5
65,Eric Kim,Female,14,9th,107,Computer,83.9,88.1,97.5
66,Mark Grant,Male,16,10th,108,English,62.3,72.2,82.3
67,Nathan Bailey,Female,18,12th,108,Math,55.5,48.3,51.9
68,Emma Mitchell,Male,17,11th,102,Math,66.3,77.3,66.3
69,Andrea Hall,Male,17,12th,120,Math,62.9,63.5,81.3
70,Stella Walker,Female,14,9th,103,Computer,90.3,93.6,88.4
71,Ruth Ballard,Male,15,9th,111,History,86.8,78,75.8
72,George Richardson,Female,14,9th,111,English,54.3,57.8,67.1
73,Julie Gonzales,Female,15,9th,116,Science,53.5,53,50.4
74,Diane Turner,Female,17,12th,105,Math,63.2,61.4,51.8
75,Cynthia Porter,Male,15,9th,119,Science,44.3,52.7,41.8
76,Scott Taylor,Female,17,12th,117,History,77,74.9,77.8
77,Jaden Chen,Female,17,11th,113,History,72.7,63.3,69.2
78,Christopher Richardson,Male,15,9th,111,Computer,74.7,64.7,73.2
79,Nora Ellis,Male,18,12th,113,English,70.8,81.9,76.6
80,Connor Hardy,Female,17,12th,117,Computer,70.9,73.8,73.1
81,Timothy Olson,Male,14,9th,112,Computer,53.8,59.9,58.2
82,Bryan Rivera,Female,14,9th,117,Math,65.3,62.6,56.3
83,Helen Ray,Female,16,11th,110,Math,70.5,65.2,70.6
84,George Herrera,Male,15,9th,107,Computer,42.5,42.6,65.2
85,Cheryl Stephens,Female,17,11th,119,Science,60.4,71.8,66.7
86,Nathan Ramirez,Female,15,9th,114,English,66.6,75.3,65.8
87,Scott Lamb,Male,14,9th,106,Math,55.2,48.1,58.1
88,Carson Wood,Male,17,12th,110,Science,64.6,64.7,51.7
89,Billy Porter,Male,15,10th,101,English,73.5,74.6,81.8
90,Gary Medina,Male,16,11th,117,Science,99.8,98.8,97.6
91,Raymond Castillo,Female,16,10th,105,Math,73.9,87.5,94.1
92,Jessica Fox,Female,16,10th,105,History,47.1,54.1,51.4
93,Shirley Stewart,Male,14,9th,118,History,68.1,77.1,64.4
94,Elizabeth King,Female,16,11th,120,Computer,82.4,73.6,92.1
95,Rachel Roy,Female,14,9th,113,English,74.6,86.4,74.7
96,Zachary Peterson,Female,14,9th,104,Math,63.4,61.5,58.5
97,Scott Gutierrez,Male,17,11th,107,Math,39.9,57.5,51.1
98,Charles Tyler,Male,14,9th,116,Computer,56.2,67.4,59.7
99,Jacob Clark,Male,17,11th,108,Computer,63.7,60.4,73.7
100,Danielle Harrison,Male,16,10th,111,Computer,81,94.2,83.5
101,Rachel Mcdaniel,Male,15,9th,102,Science,49.3,62.6,72.3
102,Jacob Stevens,Female,16,11th,118,Math,68.6,64.7,85.2
103,Chase Watkins,Male,16,10th,115,Math,52.9,49.8,55.9
104,Austin Edwards,Male,15,10th,118,Science,58.5,77.4,77.4
105,Douglas Berry,Male,15,9th,120,History,55.5,58.4,62.7
106,Savannah Flores,Female,14,9th,115,History,41.1,58.6,55.9
107,Roger Wagner,Female,14,9th,101,History,75.6,70.1,80.2
108,Kenneth Parks,Female,14,9th,103,Science,63.3,69.8,64.5
109,Pamela Barnes,Female,16,11th,115,Science,68.6,89.2,82.6
110,Michelle Patterson,Male,16,11th,117,History,45.7,48.9,37.6
111,Stephen Morales,Male,17,12th,105,Art,47.2,58.4,77
112,Amber Ballard,Male,17,12th,115,History,79.8,77.9,72.4
113,Grace Medina,Male,15,9th,116,English,45.4,50.7,39.1
114,Justin Sharp,Female,14,9th,118,English,66.3,63.7,76.2
115,Caleb Tran,Male,15,10th,104,Computer,57.9,40.3,42.1
116,Ethan Moore,Female,18,12th,120,Computer,66,62.1,68
117,Caleb Morales,Female,18,12th,110,English,81.6,85.4,81.5
118,Victoria Snyder,Female,16,11th,119,Math,56.7,73.3,69.7
119,Ruth King,Male,15,9th,112,English,68.3,70.5,76.6
120,Gary Simmons,Female,16,10th,109,History,59.1,58.3,69.9
121,Michelle Myers,Female,16,11th,107,Math,55.7,76.2,53.7
122,Doris Nelson,Male,15,10th,118,Science,81.5,73.4,75.2
123,Sean Woods,Male,15,9th,112,Math,78.3,74.5,90.4
124,Betty Keller,Female,16,11th,118,Math,52.4,51.1,60.5
125,Susan Ross,Female,16,11th,114,Computer,71.3,77.5,60.2
126,Ashley Parker,Female,16,11th,110,History,60,69.2,62.1
127,Amanda Hayes,Male,15,9th,115,History,55.6,58.1,65.4
128,Ian Patterson,Female,15,10th,114,Art,56.8,75.9,60.3
129,Dorothy Stevens,Female,15,10th,116,English,64.6,73.4,73.3
130,Walter Gutierrez,Male,15,10th,107,Computer,76.5,78.6,92.6
131,Lily Fleming,Female,14,9th,108,Science,68.2,67.1,75.3
132,Charles White,Male,16,10th,103,Math,69.2,79.6,65.7
133,Joyce Wells,Female,15,10th,113,History,77.2,91.5,93.6
134,Nathan Matthews,Female,17,11th,117,Computer,72.7,73.9,63
135,Lily Day,Female,17,11th,108,Math,46.2,67.8,49.6
136,Hannah James,Male,15,10th,106,Science,69.8,79.4,71.8
137,Dylan Carpenter,Male,18,12th,113,Science,52.6,56.3,74.5
138,Anna Wells,Male,16,11th,114,Computer,57.5,79.6,76.5
139,Janice Wells,Male,17,12th,115,Math,77.6,81.6,80.6
140,Patricia Morales,Female,18,12th,106,Computer,63,61,73.6
141,Steven Vargas,Male,16,11th,109,Science,56.3,53.2,64
142,Grace Smith,Male,17,12th,111,Science,87.7,83.6,89.6
143,Scott Miller,Female,17,12th,105,English,40.6,47.4,56.8
144,Carson Wells,Female,15,9th,107,Science,55.1,59.9,53.9
145,Dennis Hardy,Male,17,11th,101,Computer,77.7,79.8,84.7
146,Ashley Patterson,Female,18,12th,108,Computer,67.3,66.4,80.6
147,Katherine Washington,Female,14,9th,120,Science,84.9,67,94
148,Evelyn Cummings,Male,17,12th,103,History,58,56.5,65.3
149,Dorothy Thomas,Female,15,9th,113,Science,44.9,49.4,67.1
150,Andrea Rogers,Female,17,12th,114,English,61.4,61.3,68.5
151,James Page,Male,16,11th,104,Computer,56.2,68.7,65.6
152,Pamela Lopez,Female,14,9th,120,Science,70.1,66.6,74.5
153,Austin Wells,Male,14,9th,115,Math,33.6,43.4,57.2
154,Ronald Austin,Male,17,12th,115,Math,49.4,39.4,53.2
155,Arthur Shaw,Female,15,9th,107,Math,62,73.1,64.3
156,Donald Kelly,Male,18,12th,106,Science,45.1,56.9,54
157,Ian Flores,Female,15,9th,116,English,58.1,49.7,57.4
158,Christine Rodriguez,Female,18,12th,111,History,52.7,56.8,50.3
159,Carson Anderson,Female,15,10th,102,Math,73,68.6,73.4
160,Arthur Freeman,Male,17,12th,112,Computer,72.1,76.9,66.4
161,Nora Graham,Male,17,12th,113,Computer,57.4,69.2,55.1
162,Jeffrey Black,Female,18,12th,105,History,66.4,69.1,75.5
163,Adam West,Female,15,10th,105,Science,70,79.7,74.9
164,George Davis,Male,17,11th,110,Science,65,59.1,62
165,Grace Hunter,Female,15,10th,106,Science,85.3,82.8,92.8
166,Kathryn Ramirez,Female,14,9th,120,History,71.2,56.9,71.1
167,James Nguyen,Male,14,9th,116,English,81.2,85.1,94
168,Cameron Mcdaniel,Female,14,9th,117,Computer,34.6,34.6,35.2
169,Raymond Wood,Female,15,10th,119,Math,79.2,78,79.7
170,Jean Phillips,Female,15,10th,114,Computer,72.3,70.1,73.9
171,Jennifer Hayes,Female,15,9th,108,Science,53.1,65.2,57.6
172,Ashley Barber,Male,14,9th,119,English,55.6,69.9,74.2
173,Ruth Foster,Female,17,11th,108,Math,77.9,83,75.4
174,Debra Woods,Female,14,9th,103,Math,55.2,64.5,69.8
175,Jonathan Evans,Female,15,9th,103,Math,55.7,58.2,72.3
176,Thomas Patterson,Male,16,10th,114,Science,60.6,52.3,53.1
177,Jonathan Kennedy,Male,17,11th,106,Math,64.6,52.1,71
178,Danielle Mcdaniel,Male,17,12th,106,Art,79.3,55,71.7
179,Daniel Jenkins,Male,15,10th,103,Math,48.3,50.1,50.9
180,Matthew Sanders,Male,15,9th,110,Computer,81.3,77,88.8
181,Terry Barnes,Female,15,9th,109,History,49.3,66.4,67.5
182,Karen Payne,Male,14,9th,119,History,67.5,72,69.7
183,Kathryn Morrison,Male,14,9th,120,English,80.4,83.5,74.3
184,Emily Holt,Female,14,9th,109,Computer,58.6,76.3,77.4
185,Andrew Stevens,Male,16,10th,114,History,56.3,61.3,67.3
186,Addison Rios,Female,15,9th,115,Science,66.7,72.2,77.7
187,Jacqueline Foster,Male,15,9th,101,Math,47.7,59.9,42.3
188,Jordan Shaw,Female,15,10th,104,Computer,100,84.8,86.7
189,Melissa Lopez,Female,17,12th,113,History,50.9,51.1,59
190,Pamela Reynolds,Female,16,10th,110,Math,53.2,65.4,55.3
191,Dylan Brooks,Male,16,11th,101,Math,50.3,63.2,52.5
192,Cole Barker,Female,16,11th,108,Science,54.8,59.4,62.6
193,Walter Ellis,Male,15,9th,104,English,81.8,69.2,74.7
194,Jacob Watson,Female,17,12th,110,Science,55.4,58,61.3
195,Grace Ortega,Male,14,9th,107,English,59.9,43.5,49.9
196,Laura Reed,Female,16,11th,111,Math,76.8,86.2,95
197,Frank Nichols,Male,16,10th,110,English,70.7,82.3,86.6
198,Victoria Hunter,Female,17,12th,120,English,72.3,77.4,81.4
199,Adam Castillo,Male,17,12th,103,History,55.7,50.5,56.4
200,Jeremy Holt,Male,14,9th,120,Computer,84.6,87.3,92
201,Abigail Barnes,Female,17,12th,108,Science,70.6,77.3,83.5
202,Christian Henry,Male,16,10th,108,Art,66.1,77.2,66.8
203,Paul Gonzales,Female,17,12th,103,Math,76.5,86,75.3
204,Stephen Wells,Female,16,11th,104,English,63.9,60.9,64.4
205,Nicholas Garcia,Female,16,11th,108,Computer,71.2,83.3,90.5
206,Charles Cruz,Female,14,9th,106,Computer,79.3,75,86.3
207,Dennis Kim,Male,16,11th,101,Math,40,35.9,37.6
208,Jennifer Douglas,Female,16,10th,108,Math,75.7,86.6,75.8
209,Zoe Kennedy,Female,17,12th,104,Computer,65.1,79.6,79.5
210,Janice Holt,Male,17,12th,118,History,61.7,67,47.6
211,Shirley Ellis,Female,14,9th,109,Computer,57.8,52.1,72.5
212,Zoe Cunningham,Male,17,12th,119,History,82.5,78.9,88.5
213,Gary Willis,Male,16,10th,106,History,55.8,60.3,56.3
214,John Lopez,Female,16,10th,104,English,97.2,88.2,81.4
215,Christopher Evans,Male,18,12th,108,History,64.5,72.9,79.6
216,Lucy Love,Male,17,12th,115,Math,54.9,64.9,46.3
217,Thomas Boyd,Male,14,9th,101,Science,48.4,53.7,55.8
218,Shirley Turner,Male,14,9th,104,History,46,44.2,46.5
219,Karen Mitchell,Female,18,12th,101,English,57,77.2,51.9
220,William Hines,Male,16,11th,110,Art,57.9,43.3,51.5
221,Jack Wright,Male,17,12th,106,Computer,58.3,61.9,71.2
222,Christopher Baker,Female,15,10th,113,Science,80,64.6,67.1
223,Lawrence Jordan,Male,16,10th,111,Computer,69.2,58,73.9
224,Angela Wheeler,Female,15,10th,115,Computer,69.3,87.7,88
225,Emma Watson,Female,15,10th,102,English,74.3,72.9,60.6
226,Terry Reed,Male,15,10th,109,English,63.6,80.1,65.9
227,Kathleen Hernandez,Male,16,11th,120,Science,36.7,36.5,28.2
228,Grace Chen,Male,16,11th,105,English,55,70.2,65.2
229,Donna Guzman,Male,17,12th,112,English,76.2,100,84
230,Logan Parks,Male,17,12th,118,Science,57.1,61.7,52.1
231,Mason Nelson,Male,17,11th,106,History,54.2,63.3,85.7
232,Gerald Mason,Male,16,10th,118,History,58.4,59.8,67.9
233,Helen Parker,Male,16,11th,105,English,55.1,44.3,60.2
234,Gerald Carpenter,Female,17,12th,114,Computer,63.3,60.5,70.7
235,Kelly Rios,Female,17,12th,116,Computer,66,65,56.5
236,Jason Collins,Male,18,12th,110,Math,42.5,44.3,46.7
237,Anthony Barber,Male,15,9th,118,English,47.4,50.8,48
238,Margaret McDonald,Female,16,11th,103,Math,53.1,56.5,74.9
239,Addison Robertson,Female,14,9th,117,English,44.4,47.4,54.6
240,Ethan Love,Female,14,9th,108,Math,72.9,63.9,72.6
241,Tyler Ballard,Male,17,12th,103,Computer,66.4,72.6,72.5
242,Walter Romero,Male,17,11th,116,Math,78,82.2,86.9
243,Lauren Young,Female,15,10th,113,Computer,87.4,75.8,96
244,Hannah Taylor,Male,16,11th,102,Science,68.2,63.4,72
245,Jessica Powell,Male,14,9th,120,English,69.1,62.5,79.8
246,Chase Hall,Male,14,9th,108,Science,38.7,51,61.6
247,Jaden Lewis,Female,17,12th,104,English,65.3,57.3,61.2
248,Mark Martinez,Male,17,11th,109,Math,45.8,48,56.6
249,Sarah Morales,Female,17,11th,103,Computer,43.6,46.4,40.6
250,Zachary Walters,Female,14,9th,120,English,74.4,68.1,77.8
251,Dennis Mason,Male,15,10th,110,History,44.3,47.4,35.6
252,Ashley Young,Male,15,10th,117,Science,77.4,70.3,73.7
253,Stephen Banks,Female,15,9th,103,Math,33.9,29.2,29.3
254,Jason Ford,Male,15,9th,106,Math,47.8,42.9,69.7
255,Jason Rivera,Male,14,9th,108,Math,53,41.3,45.6
256,Bryan Harper,Female,17,11th,119,Science,52.1,63.9,55.1
257,Megan Beck,Female,14,9th,103,Computer,79.3,85.2,83.4
258,Michelle Fleming,Female,14,9th,106,Computer,59.4,60.4,70.1
259,Walter Carter,Male,17,12th,113,Science,52.3,57.4,70.2
260,Edward Rogers,Male,14,9th,112,Math,68.6,71,61.8
261,Emma James,Male,17,12th,104,Science,32.4,38.7,49.5
262,Cheryl Nichols,Male,16,11th,113,Computer,71.5,78.7,81.3
263,Anna Adams,Female,16,10th,113,Science,70.7,69.5,72.7
264,Nancy Gonzales,Male,17,11th,102,English,91.6,79.9,88.1
265,Keith Morris,Male,14,9th,119,English,94.9,95.7,96.7
266,Jordan Harper,Male,16,10th,113,English,69,72,83.7
267,Margaret Klein,Male,17,12th,119,Computer,62.4,64.4,54.7
268,Joseph Myers,Male,15,10th,109,Science,69.4,78.9,79.2
269,Avery Nichols,Male,15,9th,116,English,50.9,60.1,56.8
270,Joe Davis,Female,17,12th,109,English,86.3,93.7,96.9
271,Robert Mitchell,Male,16,11th,110,History,71.2,65.7,81.5
272,Anthony Medina,Male,16,11th,118,Computer,45.6,50.7,53.3
273,Angela Brooks,Male,16,11th,118,Science,71.1,85.5,83.6
274,Melissa Hughes,Male,14,9th,118,English,62.1,65.5,55.3
275,Kelly Ferguson,Female,16,11th,111,Math,59.6,75.6,68.3
276,Terry Gray,Male,17,12th,118,Math,61.2,65.2,72.2
277,Ann Torres,Female,16,11th,104,Science,74.7,75.2,77.7
278,Jacob Austin,Male,18,12th,105,Science,69.3,71.4,70.8
279,Zachary Morales,Female,17,12th,112,Art,89.2,88.5,100
280,Thomas Fowler,Male,18,12th,108,Computer,85.4,79.1,84.9
281,George Casey,Female,15,10th,103,Science,41.7,29.8,43.1
282,Olivia Pena,Male,15,10th,118,Math,51.9,57.3,55.4
283,James Fernandez,Male,16,11th,102,Art,65.4,80.5,73.4
284,Virginia Cruz,Female,14,9th,111,English,79.7,88.9,82.7
285,Pamela Ellis,Male,16,10th,103,Math,36.9,40.6,50.1
286,Andrea Chen,Female,16,10th,108,Computer,72.7,81.1,78.8
287,Samantha Cook,Female,18,12th,113,Computer,68.9,74.3,67.7
288,Walter Wallace,Female,16,10th,108,English,88.5,90.5,91.9
289,Billy Chavez,Female,15,9th,119,Math,52.6,60.5,60
290,Cooper Ford,Female,15,9th,113,Art,74.1,84.7,83.9
291,Terry Cunningham,Male,17,12th,119,Math,63.8,60,49.3
292,Brian Harris,Female,17,12th,108,Computer,65,64.4,64.4
293,Jason Sanchez,Male,18,12th,113,Science,86.1,78.6,96.7
294,Gregory Cole,Female,14,9th,104,Art,38.4,36.4,46.7
295,Gary Davis,Male,15,10th,113,Art,28.7,49.3,57.8
296,Thomas Mcdaniel,Female,16,10th,101,Computer,67.9,72.3,66.2
297,Hailey Davis,Female,18,12th,112,Science,43.9,52.3,51.8
298,Joe Simmons,Female,15,10th,105,Math,55.2,53.7,48.5
299,Sarah James,Male,15,10th,103,Art,100,100,97.7
300,Rachel Chavez,Female,16,11th,101,Computer,61.8,72.5,71.6
301,Thomas Gutierrez,Male,14,9th,117,English,74.1,64.7,76.9
302,Joseph Gutierrez,Female,17,11th,104,Computer,69.6,64.5,86.6
303,Caleb Sullivan,Male,17,11th,117,English,70.7,85.7,81.5
304,Jacqueline Greer,Male,14,9th,111,English,59.6,59.1,72.4
305,Madison Cook,Male,15,9th,102,English,61.2,62.4,52.9
306,Kathryn Cox,Female,16,11th,102,Math,64.6,68.7,59.1
307,Brian Tyler,Male,17,12th,111,English,54.6,75.3,82
308,Thomas Mitchell,Female,17,12th,109,English,88,81,83
309,Arthur Guzman,Female,16,10th,102,Computer,51.3,60.4,58.4
310,Daniel Beck,Male,16,11th,104,History,79.2,72.3,63.1
311,Edward Hines,Female,14,9th,104,History,60.5,78.4,69.4
312,Karen Reynolds,Female,16,10th,115,History,66.4,61.2,75.4
313,Lily Hayes,Male,16,10th,118,English,42.2,45.2,57.5
314,Karen Wood,Male,15,10th,111,Math,63.1,63.8,61.9
315,Angela Jones,Male,17,12th,108,Math,58.3,71.6,69.8
316,Kelly Lopez,Female,18,12th,119,Computer,69.3,69.2,71.3
317,Paul Torres,Female,17,11th,120,History,94.3,87.4,100
318,Logan Howard,Female,15,9th,118,Science,43.9,46.3,48.7
319,Stephen Scott,Female,16,10th,112,History,58.2,54.7,65.9
320,Mason Simon,Male,17,12th,118,Math,71.2,74.3,72.8
321,Lily Castillo,Male,16,10th,110,History,89.2,85.7,85
322,Barbara Howard,Male,16,11th,101,Science,58.7,53,55.1
323,Parker Fisher,Female,15,9th,110,Math,94.6,100,100
324,Lisa Chavez,Male,17,11th,113,Math,57.9,61,73.9
325,Christina Sullivan,Male,16,11th,114,English,65.2,77.1,81.3
326,Addison Bailey,Male,15,9th,117,Math,71.1,72.9,67.3
327,Caleb Bailey,Male,15,9th,118,Science,41.4,52.5,48
328,Danielle Gonzalez,Female,15,10th,101,Science,55.7,65.3,60.9
329,Jesse Hubbard,Male,17,12th,112,Math,53.2,58.3,56.1
330,Patrick King,Female,15,9th,102,English,42.9,45.1,55.2
331,Justin Cooper,Female,14,9th,109,Math,60.4,57.1,66
332,Ryan Campbell,Female,17,12th,102,Math,72.7,75.4,64.7
333,Rachel Reynolds,Female,17,12th,107,Computer,52.5,48.4,55.6
334,Jonathan Williams,Female,17,11th,120,English,46.1,53.9,58.3
335,Pamela Gordon,Male,17,12th,111,History,79.5,78.1,82.1
336,Douglas Boyd,Male,14,9th,102,Art,84.3,77.5,90.8
337,Donna Ortiz,Male,16,10th,118,Math,64,64,47.4
338,Savannah Hardy,Female,14,9th,107,Science,53.3,62.3,64.9
339,Christine Gonzales,Male,16,11th,114,Computer,67,71.6,66.1
340,Roger Cook,Male,17,12th,117,Math,44.6,55,52
341,Patrick Lee,Female,16,11th,107,History,79.2,69.2,84
342,Christopher Cunningham,Female,15,9th,111,Computer,64.9,59.5,77
343,John Freeman,Male,17,11th,101,Math,68.6,66.8,76.5
344,Roger Stevens,Female,17,11th,115,Computer,75.3,80.1,68
345,Parker Douglas,Male,15,9th,116,History,80.5,65.7,62.8
346,Bruce Long,Male,17,12th,119,English,45.8,66,55.9
347,Mark Vasquez,Male,17,12th,102,Art,77.9,79.6,66.5
348,Christopher Barber,Male,15,10th,112,English,74.3,72.4,76.3
349,Grace Hall,Female,16,10th,116,History,34,43.9,48
350,Jacob Matthews,Female,16,11th,118,Computer,63.2,68.5,75.3
351,Arthur King,Female,18,12th,102,Math,61.4,63.3,64.2
352,Donna Arnold,Female,17,11th,116,Math,73.8,68.3,68.3
353,Heather Perry,Male,17,12th,109,Computer,76.3,86,68.9
354,Karen Marshall,Male,18,12th,107,Computer,65.3,77.4,74.2
355,Helen Owens,Male,17,12th,101,Science,65.2,76.3,67.3
356,Julie Ortiz,Male,18,12th,102,Art,75.3,70.1,65.6
357,Samantha Campbell,Male,16,10th,110,English,85.4,83.2,80.5
358,Brian Hines,Male,14,9th,111,Math,57.4,61.3,55
359,Jeremy Greer,Female,15,9th,110,Science,46.9,48.7,52.3
360,Joe Patterson,Male,14,9th,112,Science,38.7,47.7,48.8
361,Alexander Rivera,Female,14,9th,109,English,71.9,85.4,73.5
362,Owen Gutierrez,Male,17,12th,113,Math,72.1,68.4,72
363,Chase Ward,Female,17,12th,106,Math,73.5,60.8,80.3
364,Dylan Stephens,Male,15,9th,113,Science,72,73.2,86.1
365,John Evans,Male,14,9th,114,Computer,76.9,75.2,58.2
366,Billy Miller,Female,17,12th,110,Math,77.3,58.7,79.8
367,Christine Peterson,Female,16,11th,107,English,51,52.7,55.3
368,Mila Garcia,Male,14,9th,114,Science,55.5,62.6,55.7
369,Sandra Hamilton,Female,16,10th,120,English,45.3,61.5,62.2
370,Joshua Stewart,Female,14,9th,102,History,90.3,86.9,100
371,Pamela Chavez,Female,17,12th,110,Art,70,72,87.5
372,Steven Colon,Female,14,9th,117,Computer,56.4,58.2,60.1
373,Donald Romero,Male,17,12th,119,History,42.1,61.6,48.4
374,Brian Ortiz,Female,17,12th,105,Math,59.6,56.8,54.7
375,Nicole Marshall,Female,17,11th,111,Math,47.5,54.5,58.1
376,Benjamin Rogers,Male,14,9th,105,Science,71.6,68.5,80.5
377,Cole Ward,Female,17,11th,120,History,63.8,69,68
378,Jacob Brown,Male,14,9th,112,Science,49.6,63.7,62.8
379,Maria Guzman,Female,18,12th,107,Science,49.4,42.8,54.5
380,Ryan Williams,Male,16,11th,106,English,92.1,91.3,99.3
381,Connor Payne,Male,17,12th,114,Math,83.6,69.7,75.4
382,Pamela Gomez,Female,15,9th,106,English,75.2,91.2,89.1
383,Arthur Williams,Female,16,10th,104,English,65.3,50.9,65.8
384,Jean Campbell,Female,17,11th,107,Computer,52.4,45.9,65.7
385,Anna Bryant,Female,14,9th,111,Science,35.3,38.8,26.6
386,Joseph Barnes,Male,16,11th,101,Math,68.7,57,75.7
387,Anthony Morgan,Male,17,11th,118,History,94.8,84.8,97.1
388,Connor Berry,Female,16,10th,104,English,63,54.6,58.1
389,Brandon Deleon,Female,16,10th,114,English,67.2,77.1,76.3
390,Richard Gibson,Male,17,12th,104,Computer,67.7,84.5,66.4
391,Mary Williams,Male,15,10th,118,English,56.4,57.4,46.1
392,Catherine Martinez,Male,18,12th,112,Science,57.7,55.8,58.6
393,Donna Murphy,Female,17,12th,118,Computer,55.8,52.2,58.1
394,Stella Moreno,Male,14,9th,119,English,58.1,50.2,59.2
395,Justin Vargas,Male,18,12th,110,History,95.1,96.8,87.2
396,George Martinez,Male,16,11th,112,English,51.2,73,57.6
397,Judith Klein,Male,14,9th,112,Science,70.5,75.7,84.8
398,Janice Hall,Male,17,12th,102,Math,42,50.4,55.5
399,Joan Pratt,Male,17,12th,104,Computer,49.3,60,51.2
400,Amber Love,Female,18,12th,110,History,74.9,71.9,92.5
401,John Ray,Male,18,12th,112,Math,55.5,70.8,67.6
402,Nancy Jenkins,Male,18,12th,117,English,95.7,97,92.9
403,Kevin Henderson,Female,14,9th,105,History,76.3,92.7,83.3
404,Sara Bell,Male,17,12th,112,English,29.1,35.9,35.3
405,David Morris,Female,14,9th,101,Computer,93.9,83.9,79.1
406,Julie Campbell,Male,17,12th,116,History,69.1,81.4,82.6
407,Hailey Valdez,Female,16,10th,115,Math,60.3,62.2,60.2
408,Janice Powell,Male,17,12th,105,Computer,84.7,69.9,72.9
409,Kevin Rivera,Male,16,10th,110,English,58.8,65.1,70
410,Ethan Coleman,Male,16,11th,117,Computer,68.7,71.9,84.9
411,Andrew Reed,Male,18,12th,107,Computer,55,57.9,81.5
412,Barbara Lamb,Male,14,9th,104,Computer,49.5,50.1,43.1
413,Debra Deleon,Female,17,12th,107,Computer,88.8,73.6,74.4
414,Ruth Keller,Female,18,12th,120,Computer,78.6,68,89.7
415,Barbara James,Male,16,11th,112,History,83.7,99.6,84.6
416,Diane Ballard,Female,16,11th,105,English,67,58.4,62.2
417,Cynthia Tyler,Male,15,10th,105,Art,69.7,73.4,59.1
418,Anna White,Male,15,10th,118,English,83,87.8,73.6
419,Sandra Gutierrez,Male,14,9th,116,History,77.1,78,69.1
420,Tyler Boyd,Female,16,10th,117,Computer,90.3,93.2,80.9
421,Amber Wallace,Male,18,12th,120,Science,61,59.9,44.5
422,Kelly Day,Male,16,11th,112,History,38.9,41.8,52.7
423,Parker Banks,Female,14,9th,104,English,55.2,63,71
424,Brian Rodriguez,Female,17,12th,105,Computer,76.6,74.9,72
425,Angela Sullivan,Male,16,11th,109,English,66.7,58.5,60.9
426,George Cooper,Female,15,9th,117,Computer,87.9,82.5,97.4
427,Ronald Russell,Female,17,12th,119,Math,65.8,49.9,64
428,Lauren Gonzales,Male,17,12th,103,English,53.8,46.4,55.7
429,Linda Anderson,Female,16,11th,112,Math,72.3,78.7,80
430,Stephanie Harris,Male,16,10th,108,Science,63.3,57.7,62.2
431,Jack Freeman,Male,15,9th,101,Math,65.7,62.6,65.2
432,Lauren Reed,Male,17,12th,120,Computer,71.6,71.2,66.9
433,Stephen Parks,Male,15,9th,107,English,59.5,71.2,60.4
434,Scott Garcia,Male,15,10th,112,History,40.4,50.9,47.2
435,Dorothy Wood,Male,16,10th,109,History,46.4,58.8,66.2
436,Donald Ferguson,Male,17,12th,110,Science,49.9,59.1,63.5
437,Joyce Smith,Female,16,10th,101,English,72.6,49.2,58.6
438,Barbara Davis,Male,18,12th,120,English,64.8,75.1,72
439,Gerald Ramirez,Female,15,9th,115,English,62.3,56.1,62.8
440,Amy Mendoza,Male,17,12th,118,Math,69,78.2,66.8
441,Jeffrey Sharp,Male,17,11th,104,Science,42.1,35.4,46.9
442,Cheryl Torres,Male,17,11th,120,History,45.8,31.7,37.6
443,Heather Kennedy,Female,15,10th,119,Math,68.4,63.7,56.6
444,Alexander Simon,Male,15,10th,113,Math,76.2,62.7,87.5
445,Nicholas Banks,Male,16,10th,116,Science,49.8,51.8,50.2
446,Amy Graham,Female,15,10th,110,Math,65.4,59.6,61.6
447,Michael Arnold,Female,18,12th,106,Computer,30,48.6,46
448,Cooper Thomas,Male,17,11th,104,Computer,54.1,60.9,57.7
449,Sharon Miller,Female,16,11th,106,History,66.1,56.3,79.7
450,Victoria Moreno,Male,18,12th,102,Science,49.8,65.3,65.1
451,Janet Wallace,Male,14,9th,113,Computer,62.9,68.6,56.9
452,Emma Ruiz,Female,14,9th,104,Math,61.9,61.2,85.5
453,Karen Grant,Male,17,11th,113,Science,68.1,61.8,66.2
454,Emma Wallace,Female,15,10th,109,Math,79.7,81.6,67.2
455,Tyler Gonzalez,Female,17,11th,120,Computer,60.3,64.1,83.5
456,Carson Patterson,Male,17,12th,116,Computer,42.6,42.4,50.1
457,Doris Wright,Male,16,11th,117,History,73.9,90.4,85.4
458,Victoria Roy,Male,18,12th,115,Computer,59.1,56.4,62.3
459,Bryan Morrison,Female,15,9th,115,Science,79.6,83.5,69.8
460,Jack Chavez,Female,16,11th,102,English,76.7,95.9,71.6
461,Linda Pratt,Male,17,11th,112,English,71.3,87.1,70.4
462,Steven Sharp,Male,14,9th,103,Math,82.8,63.4,81
463,Justin Foster,Female,14,9th,117,Computer,53.4,54.8,53.2
464,Ronald Cummings,Female,15,9th,114,English,84.4,99.9,100
465,Hailey Jimenez,Female,16,11th,120,Math,89.4,99.3,91.2
466,Pamela Vargas,Male,17,12th,112,Science,64.3,81.6,84.9
467,David Keller,Female,15,10th,115,Math,62.1,61,48
468,Donald Colon,Male,15,9th,112,Math,52.1,58.8,71.7
469,Lily Pena,Male,15,9th,106,English,64.9,92.4,73.5
470,Evelyn Love,Female,18,12th,119,Math,53.3,61.1,72.4
471,Jerry Romero,Male,14,9th,113,Math,42.4,44.8,49.9
472,Rachel Mendoza,Female,18,12th,111,Computer,48.8,39.4,59
473,Jeremy Richardson,Male,15,10th,106,Science,52,54.8,60.1
474,Cole Berry,Male,16,11th,118,History,69.3,51.7,55.9
475,Doris Walters,Female,16,10th,117,History,70.8,76.6,65.8
476,Steven Hines,Male,14,9th,102,English,78.1,75.8,81.8
477,Joyce Watkins,Female,16,10th,113,English,70.4,86,78.3
478,Mason Ortiz,Male,18,12th,101,Science,73.4,74.1,82.4
479,Jason Nguyen,Female,16,11th,101,Math,74.6,62.3,64.7
480,Larry Aguilar,Male,15,10th,107,Computer,45.5,48.7,52.3
481,Richard Henry,Male,16,11th,105,History,44.4,44.1,40
482,Jeremy Edwards,Female,16,10th,105,Science,59.2,65,68.2
483,James Gonzales,Female,16,11th,111,Art,85.1,77.3,82
484,Jesse King,Female,17,11th,103,Math,59.5,61.5,69.2
485,Grace Ross,Male,15,9th,104,History,64.4,56,65.5
486,Jeffrey Allen,Male,16,10th,105,Math,83.1,72.9,94.8
487,Ruth Grant,Male,14,9th,117,History,53.9,61.8,49.2
488,Ethan Poole,Male,17,11th,118,Math,60.3,66.2,66.1
489,Karen Fox,Female,17,12th,101,Math,41.5,42.4,39.3
490,Mila Morris,Male,16,10th,110,Science,73.9,81,77.8
491,Jack Martin,Female,17,11th,111,Math,82.3,93.6,90.3
492,Aubrey Gibson,Female,14,9th,113,Computer,84.9,73.8,93.7
493,Rachel Perry,Female,14,9th,106,Computer,49.1,57.6,66.8
494,Emily Alexander,Male,15,10th,107,Computer,39.9,36.1,39.9
495,Christine Tran,Male,16,11th,103,Computer,68.9,74.4,80.2
496,Arthur Romero,Female,17,11th,120,Computer,35.9,41.3,63
497,Frank Robinson,Female,15,9th,104,Science,92.3,85.7,87.8
498,Peter James,Female,14,9th,114,Computer,74.3,67.8,68.3
499,Raymond Fleming,Male,17,12th,110,Science,57,61.4,72.2
500,Zachary Shaw,Female,16,10th,107,Math,81.8,68.9,84.5
501,Gregory Cruz,Male,15,10th,101,Computer,56.3,59.7,52.7
502,Janice Pearson,Male,15,9th,113,Science,67,60.1,66.1
503,Andrew Morris,Female,17,12th,104,Science,64.6,60.9,64.2
504,Jason Mcdaniel,Male,17,11th,117,History,55.5,48.1,59.1
505,Christina Ferguson,Female,16,10th,113,Science,47.8,47.6,48.5
506,Mila Coleman,Male,15,10th,117,Science,80.7,58.6,81.4
507,Nathan Davis,Male,14,9th,108,English,85.1,80.2,86.1
508,Deborah Murray,Male,15,9th,107,English,76.7,76.4,85.7
509,Paisley Ruiz,Female,18,12th,118,Science,43.6,43.7,47.7
510,Logan Torres,Male,16,11th,102,Computer,60.3,59.9,62.3
511,Christine Ray,Female,14,9th,117,Art,52.8,61.9,75.4
512,Kelly Fowler,Female,15,9th,101,Science,73.9,74.2,61.6
513,Jordan Robinson,Female,16,10th,102,English,62,71.3,61
514,James Clark,Male,16,11th,101,Art,78.7,68.2,79.3
515,Alexander Stevens,Male,16,11th,119,Computer,79.2,81.8,67.2
516,Samantha Ray,Female,16,11th,116,History,74,67.2,88.8
517,Cynthia Colon,Male,17,12th,120,Science,47.8,53.3,54.6
518,Ethan Simmons,Female,18,12th,107,English,63.4,53.5,81.7
519,Hailey Reyes,Male,18,12th,114,Math,58.5,72.6,59.3
520,Cole Pratt,Male,17,11th,119,Math,98.7,100,93.1
521,Chase Hayes,Female,16,10th,105,Math,68.4,70.1,69.9
522,Carolyn Nichols,Male,15,10th,102,Computer,64.4,63,68.9
523,Noah Simmons,Female,17,12th,114,Science,77,83.1,87.8
524,Judith Cummings,Male,14,9th,120,Science,89.3,89.6,100
525,Judith Rios,Male,17,11th,106,Computer,95.5,100,99.1
526,Jacob Poole,Male,18,12th,108,English,33.2,45.9,45.6
527,Doris Freeman,Male,15,10th,107,Science,64.4,61.5,71.3
528,Gerald Beck,Male,18,12th,115,Math,56.8,66.8,71.1
529,Timothy Watson,Female,17,12th,115,Math,65.6,69.5,56.2
530,Addison Berry,Female,15,9th,108,Math,47.4,51.5,46.2
531,Matthew Nguyen,Male,16,10th,120,History,59.8,59.8,66.9
532,Benjamin Pratt,Female,18,12th,111,Computer,83.1,79.9,94.9
533,Lawrence Daniel,Female,15,9th,115,History,56.6,60.1,79.9
534,Mila Torres,Male,14,9th,115,English,56.5,62.2,48.6
535,Connor Watson,Female,17,11th,101,History,45,45.3,60.4
536,Parker Russell,Male,14,9th,114,English,71.8,88.2,88.1
537,Catherine Patterson,Male,16,11th,115,Math,62.8,65.7,44.7
538,Anthony Harrison,Female,16,11th,118,Science,68.3,74.6,90.3
539,Eric Page,Female,16,11th,106,Science,61.9,62.5,65.8
540,Frank Russell,Female,14,9th,106,Science,61.5,52.2,58.8
541,Nicholas Williams,Male,18,12th,112,Computer,69.8,82.7,75.4
542,Jeffrey Arnold,Female,17,12th,110,English,83.8,74.4,80.1
543,Carol Pena,Female,15,10th,111,Math,66.2,60.3,67.8
544,Michael Simon,Female,18,12th,108,English,60.6,53.8,72.4
545,Susan Hill,Male,15,10th,112,English,70.5,71.5,74.3
546,Helen Carpenter,Female,16,10th,106,English,89,87.3,81.2
547,Jacqueline Ruiz,Female,17,12th,107,Science,63.5,76.8,78.1
548,Owen Green,Male,14,9th,115,English,51.5,47.9,42.5
549,Christopher Willis,Female,14,9th,108,Math,79.5,77.1,76.4
550,Andrea Carpenter,Female,16,10th,103,English,56.5,69.5,77.8
551,Kyle Lee,Female,14,9th,116,Math,65,56.1,62.3
552,Lucy Perry,Male,15,9th,105,History,56.5,65.5,63.8
553,Mason Davis,Male,16,11th,109,Math,54.5,64.7,52.7
554,Sharon Castillo,Female,14,9th,112,Art,63.7,73.3,64.4
555,Joyce Patel,Male,16,10th,105,Computer,63.4,69.3,67.7
556,Sean Sharp,Female,17,11th,114,English,62.6,66.6,64.4
557,Victoria Barber,Male,14,9th,117,Math,39.6,44.6,36.6
558,Helen Graham,Female,17,12th,106,Computer,55,48.8,61.7
559,Kevin Lopez,Male,16,10th,118,English,57.7,54.5,39.6
560,Chase Fox,Male,16,11th,120,Math,17.1,24.4,39.5
561,Mary Aguilar,Female,18,12th,117,Math,42.8,37.6,50
562,Donald Bennett,Male,14,9th,102,English,86,87.5,100
563,Joan Allen,Female,16,10th,112,English,60.6,59.1,54.4
564,Gary Brooks,Female,14,9th,102,Computer,26.3,33.5,43.6
565,Ronald Clark,Female,15,10th,112,Computer,55.9,56.3,51.3
566,Abigail Stevens,Female,16,11th,119,Art,41.5,27.7,61.9
567,Noah James,Male,17,11th,110,English,77.5,87.6,90
568,Joseph Bailey,Male,14,9th,116,Art,85.7,76.6,91
569,Billy Beck,Female,16,10th,120,Science,57.3,57.3,46.9
570,Anna Johnson,Male,17,11th,103,Math,39.5,51.9,62.8
571,Paul Aguilar,Male,16,11th,118,English,75.5,89,92.8
572,Roger Anderson,Male,16,11th,107,Science,68.6,78.5,81.1
573,Donna Douglas,Male,15,9th,117,Art,34.9,39.9,31.4
574,Noah Price,Female,17,12th,120,English,60,58.6,45
575,Kathryn Ward,Male,15,10th,112,Math,46.7,58.4,46.3
576,Amber Reyes,Female,15,10th,107,Math,86.7,74.1,83
577,Lily Ortega,Female,16,11th,107,Math,80.9,88.5,75.5
578,Patrick Patel,Female,17,12th,117,Math,54.5,62.2,64.7
579,Keith Harris,Female,17,11th,120,Science,76,80.6,70.8
580,Owen Ellis,Female,16,11th,106,Science,56.1,61,57.9
581,Madison Holt,Female,14,9th,109,English,50.1,53.8,60.8
582,Joan Ford,Female,15,10th,120,History,84.8,82.3,86.4
583,Jordan Sanchez,Female,15,9th,102,English,67.6,80.8,78
584,Megan Wilson,Female,16,11th,106,English,91.6,93.3,95.4
585,Dorothy Watson,Female,18,12th,111,Computer,50.8,46.8,54.7
586,Jacqueline Collins,Female,16,11th,103,Science,64.7,69.9,66.5
587,Christian Parker,Male,15,9th,115,Science,50.2,55.9,52
588,Brenda Greer,Male,16,11th,115,History,33.1,55.3,54.6
589,Stephen Russell,Female,16,10th,103,Math,91,82.2,100
590,Stella Romero,Male,14,9th,111,Computer,64.5,62,76.3
591,Emma Brown,Male,17,12th,103,Computer,100,99.5,100
592,Jesse Moreno,Male,16,11th,118,Science,63,49,59.7
593,Terry Jackson,Male,17,11th,113,Science,66.5,79.5,70.4
594,Ian Stevens,Male,17,12th,119,Math,83.6,79.3,75.2
595,Jonathan Flores,Female,15,10th,107,Science,63,71.3,75.3
596,Brandon Cruz,Male,16,11th,120,English,73.4,79,78.2
597,Judith Cox,Female,16,10th,119,English,83.1,74.7,77.3
598,Daniel Moore,Female,15,9th,114,Science,80.9,85.1,94.3
599,Samantha Myers,Male,17,11th,108,Art,85.2,85.1,74.7
600,Eric Wheeler,Male,16,11th,117,Science,67.8,80.7,86.4
601,Nicole Ross,Female,15,10th,115,Science,82.9,70,74.7
602,Catherine Porter,Female,14,9th,101,Computer,76.9,77.9,82.4
603,Carolyn Thompson,Female,14,9th,103,History,19.4,27.9,33.2
604,Grace Casey,Female,16,11th,109,Math,28.1,43.7,44.2
605,Daniel Simon,Male,17,12th,114,Math,74.9,86.6,80.7
606,Michelle Foster,Female,17,12th,115,Computer,49.8,49.7,53.3
607,Kevin Delgado,Male,16,10th,119,Science,60.5,80.9,77.7
608,Shirley Poole,Male,18,12th,109,Math,63.1,75.6,49.3
609,Joyce Allen,Male,17,12th,115,Science,57.2,60.3,76.8
610,Amanda West,Male,15,10th,111,History,60.5,60,65.5
611,Jacob Hubbard,Female,16,10th,118,History,75,79.2,82.4
612,Charles Cooper,Male,16,10th,116,Math,37.5,34.7,31.7
613,Kyle Carter,Male,14,9th,111,History,52.8,56.4,57.1
614,Peter Allen,Female,14,9th,111,Science,50.6,42.2,52.2
615,Jack Cook,Male,15,9th,108,History,76.4,94.3,100
616,Joe Harrison,Male,14,9th,111,History,51.5,52.6,50.2
617,Noah Watkins,Male,17,11th,120,Math,70,75.5,85.7
618,Kyle Henderson,Female,14,9th,107,Math,70.1,67.2,72
619,Sarah Arnold,Female,17,11th,103,History,58.4,79.1,69.5
620,Ryan Fox,Male,16,11th,106,Math,56,54.1,68.7
621,Christina Stephens,Female,16,10th,118,Math,48.6,60.8,70.8
622,Henry Delgado,Female,14,9th,108,Computer,65.2,68.5,72.7
623,Caleb Foster,Female,17,11th,120,Art,68.3,67.9,72.1
624,Jennifer Ellis,Female,17,12th,114,Math,52.1,58.6,65.6
625,Mason Rodriguez,Female,15,10th,111,Math,64.6,75,82.4
626,Nathan Ruiz,Male,17,11th,113,English,88.6,97.6,92.5
627,Jacqueline Casey,Female,17,11th,103,Math,74.3,66,66.7
628,Mary Mason,Female,15,9th,114,History,50.1,34.3,63.9
629,Tyler Evans,Male,15,9th,104,History,37.9,51.2,40.7
630,Christine Martin,Male,17,11th,112,History,33,44.1,45.9
631,Virginia Lewis,Male,17,12th,109,Computer,78.5,76.4,80.7
632,Christina Price,Male,18,12th,102,Science,73,67.9,65.5
633,Grace Chavez,Male,14,9th,119,Art,84.1,84.2,78
634,Sara Fernandez,Female,16,11th,102,Math,54.8,77.1,45.8
635,Bella Colon,Male,16,10th,109,Art,99.3,87.5,100
636,Gary Barker,Female,14,9th,119,English,46.7,55.7,62.7
637,Jean Clark,Male,16,11th,117,History,61.5,74,67.7
638,Gary Reynolds,Female,16,10th,113,Math,67,62.7,69.2
639,Nicole Robertson,Female,15,10th,118,Math,68.8,63,73.8
640,Jeremy Nelson,Male,17,12th,105,Science,54.3,64.9,62
641,Terry Mendoza,Male,15,9th,119,English,58.4,55.7,53.2
642,William Morales,Female,16,11th,105,Math,49.1,33.6,29.4
643,Henry Ferguson,Female,18,12th,112,Computer,53.2,55.8,53.6
644,Catherine Boyd,Female,15,9th,119,History,64.7,67.2,84.9
645,Kelly Mitchell,Male,17,11th,108,Science,35.5,41.3,47.1
646,Melissa Miller,Male,17,12th,110,Art,78.1,71.2,88.6
647,Hannah Green,Female,18,12th,116,Art,63.7,64.6,60.2
648,Andrew James,Female,17,12th,110,Science,52.7,40.7,68.6
649,Aubrey Peterson,Male,14,9th,120,History,85.1,85.8,94.2
650,Bryan Hall,Male,16,11th,110,Science,74.9,78.2,82.8
651,Linda Gordon,Male,15,9th,109,Math,69.1,68.1,82.4
652,Douglas Morales,Male,17,11th,105,Computer,32,40.5,33.9
653,Wyatt Freeman,Male,17,12th,107,English,100,93.6,100
654,Bruce Wheeler,Female,15,10th,105,English,30,47.7,49
655,Cooper Powers,Female,16,11th,115,English,88.2,75,82
656,Linda Walters,Male,17,12th,116,Art,56.3,55.4,52
657,Lisa Lamb,Male,18,12th,117,History,59,70.3,67.2
658,Savannah King,Female,16,11th,106,History,85.9,100,100
659,Ethan Robinson,Female,16,10th,120,Math,91.5,83.2,80
660,Joshua Ortega,Female,16,10th,103,Computer,100,99,97.9
661,Cheryl Bryant,Male,17,12th,120,Math,43,39.5,37.5
662,Stephanie Grant,Female,14,9th,110,Math,67.1,54.4,71.9
663,Joseph Ramos,Male,17,12th,114,English,59.4,58.1,72.6
664,Justin Robinson,Female,15,9th,101,Computer,50.9,56.6,55.3
665,Nathan Jones,Female,17,12th,115,English,57.4,59,53.5
666,Janet Murphy,Female,14,9th,118,Math,74.4,80.8,76.3
667,Jacob Bailey,Female,18,12th,111,English,47.8,57.4,46
668,Andrea Gibson,Female,16,11th,104,History,61.3,75.3,78.3
669,Janet Walker,Male,16,11th,105,Math,46.4,52.6,62.4
670,Dennis Hill,Female,18,12th,106,English,46.3,51.5,66.9
671,Nathan Miller,Male,18,12th,117,Art,51.5,61,53.7
672,Emma Rogers,Male,18,12th,110,English,69.6,58.4,76.9
673,Walter Ramirez,Female,17,11th,117,English,72.9,71.2,93.4
674,Anna Cummings,Male,17,11th,118,English,41.4,40.3,50.3
675,Lisa Cox,Male,14,9th,106,History,58.6,65.1,64.5
676,Gerald Williams,Male,15,10th,110,Art,39.6,42.3,57
677,Jennifer Reynolds,Female,16,10th,109,Math,52.4,67.3,62.5
678,Grace Guzman,Male,15,9th,104,Math,64.2,74.6,81.2
679,Joseph Barker,Female,14,9th,117,English,69.7,60,68.8
680,Heather Payne,Male,15,9th,120,Art,72,64.5,63.9
681,Amy Colon,Female,16,11th,115,Math,53.6,59.9,52.7
682,Avery Edwards,Male,15,10th,105,Computer,77.1,86.6,84.7
683,Karen Hayes,Male,15,10th,107,Science,56,69.1,73.5
684,Avery Parks,Male,15,9th,107,English,40.4,37,31.7
685,Barbara Henderson,Male,16,11th,109,History,58.6,60.5,76.7
686,William Barker,Female,14,9th,116,History,71.7,87,73.3
687,Stephen Bell,Female,14,9th,110,Science,60.3,68.2,63
688,Jeffrey Snyder,Male,18,12th,103,Science,66.5,72.3,73.5
689,Jennifer Snyder,Male,15,9th,105,Science,76.7,74.2,54.8
690,Aubrey Martinez,Male,18,12th,109,Computer,52.2,64.1,71.8
691,Amanda Long,Male,16,10th,115,History,57,64.6,62
692,Angela Pearson,Male,17,12th,114,Science,60,66,54.9
693,Emily Curtis,Male,15,9th,110,Math,56.6,57.1,67.9
694,Gerald Fox,Female,16,10th,118,Math,68.2,63.5,80.6
695,Steven Ford,Male,16,11th,101,Computer,87.2,85.9,100
696,Bruce Porter,Female,17,12th,103,Math,88.3,86.7,71.1
697,Gary Harris,Female,15,9th,120,Math,50.2,47.7,58.3
698,Noah Patterson,Male,17,12th,119,Art,69,71.2,72.4
699,Brenda Brown,Female,16,11th,107,Math,41.2,51.7,36.5
700,Julie Sanchez,Female,16,11th,117,History,67.7,55.3,64.9
701,Melissa Harper,Female,17,12th,105,Math,54.9,47,61.2
702,Cole Vargas,Male,16,10th,120,English,64.2,63.9,67.1
703,Nora Miller,Female,15,10th,113,History,45.2,46,62.9
704,Steven Wells,Male,16,11th,105,Computer,67.9,88.8,78.8
705,George Mcdaniel,Female,16,11th,112,English,83.2,62.5,67
706,Frank Washington,Male,16,10th,120,Computer,68.6,68.8,62.5
707,Mason Colon,Female,16,11th,117,Math,70.6,55.3,68.4
708,Linda Reed,Female,14,9th,109,Science,87.9,91.7,88.9
709,Frank Colon,Male,15,9th,119,Math,58.6,86.2,64.1
710,Mason Thomas,Male,15,9th,104,Science,34.4,25.6,33.8
711,Adam Fleming,Female,17,11th,113,Math,74.6,71.7,74.2
712,Victoria Garcia,Female,17,12th,113,Art,81.8,84.8,96.8
713,Jeffrey Alexander,Female,17,12th,118,English,65,70.5,61.3
714,Nancy Freeman,Male,14,9th,116,Science,68.9,89.9,88.3
715,Wyatt Parks,Female,16,10th,117,English,61.2,64.2,59.3
716,Ian Walters,Female,17,11th,117,Science,93.8,100,100
717,Helen Rivera,Male,16,10th,116,Math,63.4,73.3,76.2
718,Sandra Rodriguez,Female,16,10th,110,Computer,59.6,57.8,61.2
719,Christine May,Male,15,9th,101,Math,65.2,77.3,81.1
720,Bella Jackson,Male,16,11th,106,English,58.2,56.7,68
721,Paul Simmons,Female,17,12th,103,Math,51.4,53,63.4
722,Danielle Collins,Female,14,9th,108,History,59.8,57.2,43.2
723,Barbara Guzman,Female,17,11th,118,Science,44.4,39.2,58.3
724,Jerry May,Male,17,11th,105,Computer,55,44.4,28.1
725,Kathryn Bishop,Female,14,9th,119,Computer,81.3,94.7,100
726,Ethan Anderson,Female,14,9th,115,Science,42.9,47.6,57.4
727,Cooper Simmons,Male,17,11th,110,English,84.3,88.9,89.8
728,Julie Murray,Female,17,12th,106,Computer,84.1,77,82.8
729,Karen Chen,Male,14,9th,116,Science,65.9,66.3,64.7
730,Arthur Hill,Male,18,12th,109,Math,71.2,69.2,100
731,Jaden Alexander,Male,17,12th,106,Math,65.3,48.1,73.7
732,Maria Evans,Female,15,10th,113,History,89.9,81.4,99.9
733,Patricia Owens,Male,17,12th,104,History,83.5,71.9,94.7
734,Christina Hunter,Male,17,12th,115,Math,67.1,63.7,85.6
735,Jean Black,Female,15,10th,110,History,76.2,73.9,66.1
736,Donald Taylor,Female,15,9th,117,English,69.9,67.2,80.8
737,Evelyn Griffin,Female,15,9th,113,Math,68.2,73.3,83.6
738,Ruth Campbell,Male,17,12th,107,Math,50.9,65.7,66.2
739,Stella White,Male,15,10th,120,English,48.1,56.9,68.2
740,Roger Santiago,Female,16,11th,109,English,90.9,99.9,95.6
741,Amanda Ford,Female,16,10th,110,History,35.6,39.6,52.7
742,Jeremy Lee,Female,17,12th,103,Math,52.3,52.3,58.8
743,Ronald Baker,Male,18,12th,113,Science,54.4,48.8,72.3
744,Jesse Ortega,Female,18,12th,110,Art,62.1,80.3,73
745,Avery Ward,Female,16,11th,104,Computer,71,63.3,73.2
746,Scott Simon,Female,18,12th,107,Computer,57.3,58,78.4
747,Paisley Romero,Female,18,12th,106,Science,92.4,95.9,100
748,Grace Richardson,Female,16,10th,105,English,61.9,59.5,75.5
749,Ann Carpenter,Female,17,11th,107,Computer,82.8,89.5,68.2
750,Noah Bell,Female,16,10th,115,Math,48.4,53.4,61.3
751,Jeremy Sanchez,Male,17,11th,105,Math,70.7,81.1,74.5
752,Wyatt Nichols,Male,18,12th,106,English,58.8,73.6,77.3
753,Scott Barnes,Male,15,10th,111,English,70.6,79.4,77.1
754,Carolyn Deleon,Female,17,12th,102,History,76.8,86.9,80.4
755,Helen Hines,Male,15,9th,119,Math,63.2,56.5,48.3
756,Matthew Romero,Female,17,12th,112,Computer,72.7,79.7,88.7
757,Emma Barnes,Male,17,12th,102,Computer,52.8,59.8,48.7
758,Christian Russell,Female,16,10th,105,Math,66.7,73.8,77.2
759,Helen Fisher,Female,17,11th,106,Science,68.3,56.1,51.5
760,Noah Myers,Female,17,12th,107,Science,80,70.6,74.6
761,Logan Bennett,Male,15,9th,116,Math,72.7,68.7,97.3
762,Nora Austin,Female,15,10th,110,Science,73.5,75.9,67.4
763,Olivia Rios,Female,14,9th,111,Math,73.6,63,79.7
764,Catherine Greer,Female,17,11th,118,Computer,50.7,57.9,54.5
765,William Green,Female,15,10th,119,English,71.7,70.4,70.5
766,Sean Tucker,Female,14,9th,118,History,35.1,31.2,40.8
767,Raymond Harrison,Male,16,10th,103,Computer,63.4,66.9,76.1
768,Stephanie Wheeler,Female,15,9th,116,Computer,64.2,81.3,67.4
769,Terry Page,Male,14,9th,102,Math,69.5,56,60.2
770,Jacob Jenkins,Female,17,11th,107,English,59.7,60.2,61.7
771,Diane White,Female,16,10th,115,Art,90.7,97.2,100
772,Brenda Fernandez,Male,15,9th,111,Computer,47.3,44,44.9
773,Dennis Delgado,Male,17,12th,107,Computer,42.1,51.5,54.7
774,Emma Gordon,Female,16,10th,108,Science,60.1,64.6,61.4
775,Lily Sharp,Female,14,9th,111,History,32.9,32.6,50.7
776,Brandon Payne,Male,16,11th,106,English,71.8,80.4,74.5
777,Billy James,Male,17,12th,111,English,39,54.3,57.5
778,John Poole,Male,17,12th,112,History,66.3,70.2,64.7
779,Abigail Mitchell,Female,14,9th,116,History,61.4,62,59.8
780,Jason Jenkins,Female,16,10th,112,History,53.2,59.5,50.7
781,Matthew Price,Female,15,9th,113,English,96.5,100,99.5
782,Jonathan Robertson,Male,18,12th,110,English,59.7,69,73.1
783,Kelly Snyder,Male,16,10th,108,Science,54.9,47.4,64.3
784,Jean Roberts,Male,14,9th,108,History,65.3,58.5,66.8
785,Billy Hall,Male,16,10th,119,Science,65,66.3,82.6
786,Jonathan Barnes,Female,17,11th,111,Computer,83.4,83.1,87.7
787,Jacqueline Shaw,Female,14,9th,116,History,63.9,59.2,51.5
788,Jaden Martinez,Female,15,9th,106,Science,70.5,71.8,76.3
789,Jean Greer,Male,14,9th,110,English,42.2,52.5,35.1
790,Megan Guzman,Male,17,11th,103,Science,72.5,75.9,77.9
791,Robert Powers,Male,14,9th,107,Computer,72.4,79.8,77
792,Anthony Hamilton,Male,14,9th,108,Science,84.3,86.6,84.7
793,Katherine Barker,Female,17,11th,102,Computer,70.9,64,60.1
794,Amy Allen,Male,17,12th,102,Math,59.3,57.1,56.8
795,Kelly Evans,Male,18,12th,118,Math,57.6,51.7,57.8
796,Helen Ramos,Male,15,10th,120,History,59.1,69.5,79.5
797,Debra Edwards,Female,15,9th,109,English,91.3,88.9,100
798,Mila Baker,Male,16,11th,110,Computer,68.2,58.6,75.3
799,Hailey Fowler,Male,17,11th,104,Computer,79.8,89.9,97.9
800,Julie Wright,Male,17,12th,110,Math,44.8,51.6,55.5
801,Gerald Banks,Male,14,9th,111,Science,79.5,73.6,67.7
802,Janice Fowler,Female,18,12th,109,English,57.7,62.6,56.7
803,Kathryn Cook,Male,14,9th,113,Science,73.8,88.6,74.2
804,Maria Hines,Female,17,11th,119,Computer,84.2,86.6,95.4
805,Joan Parker,Female,17,12th,102,Computer,72.2,70.3,81
806,Jordan Beck,Female,15,9th,102,Science,56.1,45.8,59.8
807,Jack Collins,Male,16,11th,114,Computer,37.2,41,48.7
808,Tyler Cruz,Female,18,12th,105,History,86.6,72.1,82
809,Andrea Gutierrez,Male,16,10th,111,Science,63.2,49.1,77.9
810,Nicole Hall,Female,17,12th,107,History,42.3,35,47.8
811,Debra James,Female,14,9th,115,English,47.6,52.3,49
812,Anna Kennedy,Male,14,9th,112,Math,44.7,55.7,65.2
813,Shirley Hunter,Male,16,10th,117,English,50.2,61.3,53.4
814,Paul Mendoza,Female,15,9th,112,Math,79.2,73.4,67
815,Jason Barber,Male,14,9th,102,Science,57.5,61.9,58.8
816,Rachel Casey,Male,17,12th,119,History,54.8,53.1,60.4
817,Paul Thomas,Male,15,10th,101,History,49.7,52.5,51.1
818,Bryan Hunter,Male,15,10th,112,Math,76.9,77.5,85.2
819,Edward Ray,Female,14,9th,103,Science,56,61.5,61
820,Jason Medina,Male,16,11th,108,Science,70,75.3,78.7
821,Kathleen Freeman,Male,17,11th,101,Science,68.1,56,63
822,Ann Curtis,Male,14,9th,110,English,65.2,64.5,66.5
823,Brandon Patterson,Female,15,9th,103,Science,54.4,62.6,52.9
824,Zoe Santiago,Female,16,11th,110,Math,69.4,68.6,71.9
825,Alexis Vasquez,Male,16,11th,109,Computer,67.1,82.5,78.6
826,Cameron Lopez,Female,16,10th,120,English,61.3,72.9,58.1
827,Benjamin Wells,Male,17,12th,105,Math,77,64,74.7
828,Mark Henry,Female,17,12th,110,Science,73.3,91.5,85.5
829,Sharon Bailey,Male,17,11th,113,Computer,63.4,77.7,64.2
830,Gregory Patel,Female,17,12th,113,English,66.2,60.2,65.4
831,Nicholas Nichols,Male,14,9th,108,History,75.7,76.9,82.7
832,Aaron Beck,Female,14,9th,108,English,93.1,94.7,99.5
833,Stephanie Robinson,Male,17,12th,113,English,85.2,87,95.5
834,Alexander Robinson,Male,15,10th,119,History,82,88.3,100
835,Robert Davis,Female,17,11th,116,History,63.7,62.9,74.1
836,Andrew Thomas,Male,17,12th,102,Math,72.2,70.8,68
837,Brandon Nguyen,Male,17,11th,111,Computer,61.2,64.2,68.9
838,Richard Curtis,Male,18,12th,106,Computer,79.9,95.1,94.9
839,Jessica Moreno,Female,17,11th,105,Computer,77.7,71.9,85.9
840,Janice Cunningham,Male,18,12th,111,History,67.1,61.2,67.7
841,Katherine Parker,Female,15,10th,105,History,79.4,68.8,78.9
842,Emily Valdez,Male,17,12th,116,Math,54.5,59.7,59.2
843,Stella Ray,Female,14,9th,116,English,60,67.1,72.4
844,Jean Daniel,Female,17,12th,117,Computer,93.2,88,100
845,Sandra Turner,Female,15,9th,107,Science,32.6,45.7,58.1
846,Patricia Simmons,Female,16,11th,113,Science,70,61.8,71.4
847,Ariana Tran,Male,17,12th,118,Math,74.4,62.3,64.2
848,Samantha Jones,Male,17,11th,110,Math,61.2,66,93.4
849,Hannah Willis,Male,16,10th,111,Science,79.7,74.9,67.4
850,Carl Sanders,Male,17,12th,104,Computer,57.3,57.9,71.1
851,Judith Patterson,Male,14,9th,107,Math,54.9,46.6,52.6
852,Maria Jackson,Female,16,11th,120,English,91.4,100,87.3
853,Edward Wallace,Female,14,9th,113,Math,74.6,75.5,80.7
854,Joseph Vargas,Male,16,11th,108,Math,58.3,77.1,88.6
855,Anna Fleming,Female,15,9th,115,History,56,47.9,79.7
856,Carl Lewis,Female,14,9th,107,History,55.7,45.9,49.4
857,Steven Patterson,Female,17,12th,119,Computer,69.7,84.1,100
858,Charles McDonald,Male,17,12th,117,Math,67.1,68.5,63.3
859,Zachary Green,Female,15,9th,119,History,70.3,80.2,73
860,Sean Ramirez,Female,17,12th,116,Computer,48.5,43.4,47.7
861,Nancy Sanchez,Female,16,10th,112,History,45.8,61.6,62.9
862,Mason Myers,Female,16,11th,108,English,52.8,69.5,50.9
863,Lucy Brooks,Female,16,11th,103,Math,66,59.1,57.3
864,Jessica Murphy,Female,17,12th,115,Math,73.2,79.3,58.8
865,Amanda Turner,Male,16,11th,118,English,39.9,42,58.9
866,Kevin Alexander,Female,17,12th,101,Math,41.7,49.8,47
867,Bruce Gray,Female,16,10th,111,Computer,74.7,77.2,85.7
868,Alexander Medina,Male,16,11th,105,Science,71,71.3,70.8
869,Matthew Morales,Female,14,9th,106,History,70.7,73.2,74.1
870,Stephen Payne,Female,16,11th,120,English,79.2,76.2,70.7
871,Kimberly Willis,Male,17,12th,115,Computer,99.8,100,99.9
872,Amber Brown,Female,15,10th,107,English,68.4,62.2,67.8
873,Kyle Stevens,Male,16,11th,105,English,91.9,82.3,87.8
874,Cole Olson,Male,16,11th,117,Science,57,57.9,57.2
875,Lily Tyler,Male,15,9th,114,History,45.9,52.2,44.1
876,Parker Carter,Male,18,12th,102,Science,43.6,42.5,57.3
877,Nicholas Peterson,Female,17,12th,107,Computer,76.2,83.7,75.9
878,Jesse Keller,Male,15,10th,111,English,76.1,83.8,100
879,Christian James,Male,14,9th,107,Computer,71.8,88.4,79.4
880,Keith Wright,Female,15,10th,112,History,33.2,53.4,56.9
881,Gregory Pierce,Female,17,11th,119,History,48.7,52.6,59.6
882,Zoe Romero,Female,14,9th,119,Math,68.3,68.5,71.8
883,Ethan Baker,Male,18,12th,106,Computer,55.7,67.9,64.1
884,Debra Brown,Male,16,10th,117,Computer,58.4,70.7,83.9
885,Logan Garcia,Female,15,9th,108,Computer,64.8,58.7,66.2
886,Parker Ballard,Female,15,9th,114,Math,88.3,100,98.1
887,Sarah Nguyen,Female,16,11th,101,Math,62.7,61.9,77
888,Nora Fowler,Male,16,11th,107,Science,66.9,65.8,80.4
889,Mark Murphy,Male,17,11th,120,Math,71.5,75.9,82.2
890,Cynthia Mitchell,Female,16,10th,117,English,70.7,83.8,83
891,Ian Turner,Female,16,10th,111,Art,30.6,30.5,32.3
892,Jacob Robinson,Female,17,12th,108,History,49.5,66.6,58.4
893,Pamela Sanders,Male,15,10th,114,Art,52.4,50.8,43.8
894,Cooper Adams,Male,18,12th,103,Science,49.1,36,36.8
895,Lisa Walker,Male,17,12th,120,Science,68.1,79.4,73.5
896,Brian Willis,Male,15,9th,102,Math,77.6,69.9,57.5
897,Jonathan Richardson,Male,16,10th,120,English,59,57.6,64.3
898,Deborah Griffin,Female,17,11th,117,Math,50.8,32.4,36.7
899,Janice Rogers,Male,14,9th,118,Science,82.6,64,74.9
900,Nancy Hughes,Male,15,10th,102,History,54.3,47.6,39
901,Brian Marshall,Female,14,9th,119,History,48.8,52.9,50.8
902,James Olson,Male,16,11th,106,English,59.7,62.7,75.3
903,Peter Castillo,Male,15,10th,105,Math,74.7,70,75.8
904,Lily Campbell,Male,15,10th,107,Computer,62.4,71.7,69.8
905,Hannah Klein,Female,18,12th,108,History,76.9,74.7,73.4
906,Samuel Rios,Male,16,11th,105,Science,60.2,62.2,55.2
907,Elizabeth Cooper,Female,16,10th,102,History,70.7,73.1,54.1
908,Shirley Simon,Female,18,12th,120,Computer,50.3,54.2,68.8
909,Samuel Perez,Female,18,12th,114,Computer,45,50.2,61.3
910,Benjamin Herrera,Female,14,9th,114,History,51.4,44.6,49.8
911,Andrea Bennett,Male,17,12th,110,History,68.8,87.8,76.3
912,Christopher Cook,Female,17,11th,114,English,73.8,75.8,88
913,Eric Alexander,Female,17,12th,110,Math,52.4,69.5,58.6
914,Pamela Mendoza,Male,15,10th,111,Math,50.7,50.1,55
915,Ian White,Female,14,9th,103,Science,42.1,45.5,58.1
916,Wyatt Gonzalez,Female,15,9th,114,English,70.4,79.6,80.3
917,Cooper Alvarez,Female,16,10th,112,English,85.9,63.3,77.8
918,Jeffrey James,Female,15,9th,113,History,63.3,68.7,64.6
919,Joan Young,Female,16,10th,114,Science,56.6,56.7,57.9
920,Steven Guzman,Male,17,11th,113,Science,82.6,80.4,84.3
921,Sara Hill,Male,16,11th,112,History,84.7,92.5,98.6
922,Nicholas Wilson,Male,17,11th,105,Math,76.3,78,60.1
923,Jaden Moreno,Female,16,11th,105,English,44.1,46.6,45.6
924,Kevin Sullivan,Male,18,12th,115,English,70.8,53,61.7
925,Pamela Hunter,Male,14,9th,105,Science,83.3,77.7,85.1
926,Kenneth Griffin,Male,17,12th,106,English,62.4,49.7,61.3
927,Thomas Douglas,Male,17,12th,114,Science,53.5,71.2,62.1
928,Melissa Murphy,Male,14,9th,116,Science,62,60.3,64.1
929,Debra Chen,Female,15,10th,107,Math,63.7,66.4,66.1
930,Logan Baker,Male,17,11th,109,Science,28.7,35.1,25
931,Samuel Diaz,Male,16,11th,108,Math,75.9,78.5,70.7
932,Judith Walker,Male,18,12th,104,Science,72.5,66.4,81.2
933,Emily Jimenez,Male,17,11th,119,English,53.7,53.5,60.5
934,Hannah Hayes,Male,16,11th,108,Science,56.6,68.1,70.7
935,Alexander Henry,Male,18,12th,112,English,86.9,92,100
936,Zachary Hunter,Male,17,12th,120,Computer,30.2,30,38.7
937,Nicole Tran,Female,17,12th,112,Computer,47.6,46.9,47.6
938,Austin Marshall,Male,15,10th,104,Science,42,56.4,58
939,Grace Pratt,Male,16,11th,108,History,73.7,81.5,79.2
940,Sean Guzman,Male,18,12th,109,History,58.8,48.1,74.7
941,Jeremy Berry,Female,15,9th,105,Science,57.7,78.8,52.5
942,Daniel Lamb,Female,16,10th,119,History,88.2,91.5,88
943,Cameron Castillo,Female,16,11th,105,Math,79.1,82.1,80.3
944,Barbara Chavez,Male,17,11th,104,Computer,47.6,48,53
945,Evelyn White,Male,17,12th,119,Computer,83.9,76.1,80.9
946,Carolyn Barker,Female,16,10th,101,History,53.9,59.6,43.9
947,Cole Jones,Male,15,9th,109,Math,44.5,40.9,46.1
948,Anna Ward,Female,16,10th,101,English,73.5,66.2,76
949,Linda Bennett,Female,17,11th,102,Computer,57.5,61,62.9
950,Anthony Garcia,Male,16,11th,115,Science,85.3,93.3,85.9
951,Shirley Evans,Male,16,11th,116,English,49.4,60.1,60.7
952,Ariana Klein,Male,15,9th,115,History,64,74.9,67.6
953,Zoe Ortiz,Female,15,10th,115,Computer,44.5,58.3,64.6
954,Jennifer Casey,Male,14,9th,114,English,59.1,51.7,66.1
955,Scott Day,Female,16,11th,104,Computer,85.4,88.2,80.7
956,Mason Hall,Male,17,11th,117,Computer,68.1,67.2,70.8
957,Barbara Coleman,Male,16,11th,115,History,77.9,76.3,82
958,Deborah Lamb,Male,17,11th,102,Math,73.2,80.7,70.6
959,Gerald Anderson,Male,15,10th,108,English,39.2,35.2,65.1
960,Abigail Daniel,Female,15,9th,118,Math,53.6,62.4,56.6
961,Avery Vargas,Male,15,10th,103,Science,68.1,72.6,75.2
962,Keith Johnson,Female,16,10th,116,Computer,54.8,58.1,41.1
963,Emma Reyes,Male,16,11th,117,History,65.2,58.5,78.9
964,Stephanie Stephens,Male,14,9th,103,English,58.4,53.5,52.1
965,Caleb Patterson,Male,14,9th,102,Computer,62.3,70.4,76.1
966,Jeremy Campbell,Male,16,10th,117,Art,46,54.7,54.8
967,Connor Barber,Male,14,9th,104,Computer,48.6,59.3,51.8
968,Sean Sanchez,Male,16,10th,105,Art,74.5,73.2,74.7
969,Betty Santiago,Male,18,12th,107,Science,49.5,58.5,57
970,Hannah Page,Male,17,12th,104,English,61.6,49.2,43
971,Heather King,Male,14,9th,114,History,61.4,58.7,77.1
972,Peter Brooks,Female,16,10th,102,Science,72.3,81.1,86.8
973,Jack Pearson,Male,17,11th,110,Computer,64,61,75.1
974,Carolyn Gonzales,Male,14,9th,112,Math,56.4,61.2,74.1
975,Sandra Snyder,Female,18,12th,101,English,85.9,89,72.6
976,Dorothy Love,Male,16,11th,115,English,85.2,81,100
977,Janet Delgado,Female,14,9th,103,Math,64.1,72.5,63.6
978,Lauren Ortiz,Male,15,9th,110,Computer,80.3,74,76
979,Alice Adams,Male,14,9th,113,Computer,60,46.3,48.8
980,Samuel Lewis,Female,15,9th,120,History,39,33.1,31.1
981,Cooper Bishop,Male,16,10th,114,Math,59.2,57.7,64.5
982,Zachary Harris,Male,17,11th,106,Art,51.2,55.5,55.3
983,Jordan Wagner,Male,14,9th,110,Math,71.2,67.7,79.1
984,David Sullivan,Male,15,9th,120,History,69.8,71.7,67.4
985,Andrea Castro,Female,18,12th,118,Science,45.1,44.4,51.4
986,Betty Perez,Male,16,10th,101,Math,53.3,58.5,58.5
987,Rachel McDonald,Male,15,10th,110,Science,67,62.1,61.7
988,Anna Lamb,Male,16,11th,101,Math,78.3,74.2,79
989,Raymond Clark,Female,15,10th,114,Math,51.7,47.7,44.6
990,Kimberly Davis,Male,15,10th,120,Computer,96,98.1,77.3
991,Kelly Hill,Male,16,11th,111,Art,60.8,67.1,62.3
992,Lawrence Washington,Male,17,12th,105,Computer,64.2,70.4,82.4
993,James Ramos,Female,17,12th,107,Science,67,53.2,59.7
994,Addison Price,Male,17,12th,103,History,69.5,80.2,70.7
995,Joe Owens,Female,16,11th,117,Science,75.9,74.8,70.8
996,Cheryl Wells,Male,15,9th,109,History,78.7,76.2,72
997,Lauren Willis,Female,17,11th,117,Science,48.2,56.6,54.3
998,Jessica Perry,Male,15,10th,102,English,77.2,73.1,72.7
999,Rebecca Russell,Male,16,11th,115,Math,60.5,68.3,70.9
1000,Abigail Walters,Male,14,9th,103,Math,58.4,58.8,74.9
